price,area,bedrooms,bathrooms,stories,mainroad,guestroom,basement,hotwaterheating,airconditioning,parking,prefarea,furnishingstatus
0.6931471805599452,0.3340146290927796,0.6,0.3333333333333333,0.6666666666666667,yes,no,no,no,yes,0.6666666666666666,yes,furnished
0.6466271649250523,0.40706748913089097,0.6,1.0,1.0,yes,no,no,no,yes,1.0,no,furnished
0.6466271649250523,0.45179766474916305,0.39999999999999997,0.3333333333333333,0.3333333333333333,yes,no,yes,no,no,0.6666666666666666,yes,semi-furnished
0.6450386022399146,0.33794390723266915,0.6,0.3333333333333333,0.3333333333333333,yes,no,yes,no,yes,1.0,yes,furnished
0.6077873316087885,0.3340146290927796,0.6,0.0,0.3333333333333333,yes,yes,yes,no,yes,0.6666666666666666,no,furnished
0.5810298824392391,0.33794390723266915,0.39999999999999997,0.6666666666666667,0.0,yes,no,yes,no,yes,0.6666666666666666,yes,semi-furnished
0.5465437063680699,0.3895312760231624,0.6,0.6666666666666667,1.0,yes,no,no,no,yes,0.6666666666666666,yes,semi-furnished
0.5465437063680699,0.6931471805599452,0.7999999999999998,0.6666666666666667,0.3333333333333333,yes,no,no,no,no,0.0,no,unfurnished
0.5324091954331651,0.36693144410592143,0.6,0.0,0.3333333333333333,yes,yes,yes,no,yes,0.6666666666666666,yes,furnished
0.528844129268669,0.24825515247232302,0.39999999999999997,0.3333333333333333,1.0,yes,yes,no,no,yes,0.3333333333333333,yes,unfurnished
0.528844129268669,0.5843443207111462,0.39999999999999997,0.0,0.3333333333333333,yes,no,yes,no,yes,0.6666666666666666,yes,furnished
0.5227541946312645,0.26157092844809515,0.6,0.6666666666666667,0.3333333333333333,yes,yes,yes,yes,no,0.6666666666666666,no,semi-furnished
0.5035263212843791,0.2902560764469538,0.6,0.3333333333333333,0.3333333333333333,yes,no,no,no,yes,0.3333333333333333,yes,semi-furnished
0.4998565923954167,0.11969034121265121,0.6,0.3333333333333333,0.3333333333333333,yes,no,no,yes,no,0.6666666666666666,no,furnished
0.4998565923954167,0.35254270665382187,0.39999999999999997,0.3333333333333333,0.3333333333333333,yes,no,no,no,no,0.0,yes,semi-furnished
0.4924764850977941,0.26157092844809515,0.6,0.0,0.3333333333333333,yes,no,yes,no,no,0.6666666666666666,no,semi-furnished
0.4924764850977941,0.2928234719521996,0.6,0.3333333333333333,0.3333333333333333,yes,yes,yes,no,yes,0.3333333333333333,yes,unfurnished
0.48504150661027606,0.38579992841030425,0.39999999999999997,0.3333333333333333,1.0,yes,no,no,no,yes,0.6666666666666666,no,furnished
0.4813031844996689,0.18460988731196687,0.39999999999999997,0.3333333333333333,0.3333333333333333,yes,yes,no,no,yes,0.6666666666666666,no,furnished
0.4794287697053186,0.28354983516687043,0.39999999999999997,0.3333333333333333,0.3333333333333333,yes,no,no,no,yes,0.3333333333333333,yes,semi-furnished
0.47378435208564157,0.16848050538208323,0.39999999999999997,0.0,0.3333333333333333,yes,no,yes,yes,no,0.6666666666666666,no,semi-furnished
0.4700036292457356,0.3208875056045147,0.39999999999999997,0.3333333333333333,0.0,yes,yes,yes,no,yes,0.6666666666666666,no,unfurnished
0.46810789408083636,0.36454765275064516,0.39999999999999997,0.0,0.0,yes,yes,yes,no,yes,0.3333333333333333,no,furnished
0.46810789408083636,0.18232155679395465,0.39999999999999997,0.3333333333333333,0.3333333333333333,yes,yes,yes,no,yes,0.3333333333333333,no,furnished
0.46430560813109784,0.3997212669289123,0.39999999999999997,0.3333333333333333,0.3333333333333333,yes,no,no,no,yes,0.6666666666666666,no,furnished
0.46239902986051623,0.2897418054147915,0.6,0.3333333333333333,0.3333333333333333,yes,yes,yes,no,yes,0.6666666666666666,yes,furnished
0.4581917182421021,0.26157092844809515,0.39999999999999997,0.3333333333333333,1.0,yes,yes,yes,no,yes,0.0,yes,semi-furnished
0.45473615711494714,0.4031715291210649,0.39999999999999997,0.0,0.0,yes,no,no,no,no,0.3333333333333333,no,semi-furnished
0.45473615711494714,0.3597629546273089,0.7999999999999998,0.3333333333333333,0.3333333333333333,yes,no,yes,yes,no,0.6666666666666666,no,unfurnished
0.45473615711494714,0.23475967099743844,0.6,0.3333333333333333,0.3333333333333333,yes,no,yes,no,yes,0.3333333333333333,yes,semi-furnished
0.45473615711494714,0.3367176655094249,0.39999999999999997,0.3333333333333333,1.0,yes,no,no,no,yes,0.6666666666666666,no,unfurnished
0.45473615711494714,0.31312873811294517,0.39999999999999997,0.0,1.0,yes,no,no,no,yes,0.6666666666666666,no,semi-furnished
0.4489502200479032,0.200483236468257,0.6,0.3333333333333333,0.3333333333333333,yes,no,no,no,yes,0.3333333333333333,yes,furnished
0.44313061099463924,0.2594522835878099,0.39999999999999997,0.6666666666666667,0.3333333333333333,yes,yes,yes,no,no,0.3333333333333333,no,unfurnished
0.4392319705789819,0.305056040387834,0.7999999999999998,0.0,0.3333333333333333,yes,yes,yes,no,yes,0.3333333333333333,no,furnished
0.43704990410260436,0.31312873811294517,0.39999999999999997,0.3333333333333333,1.0,yes,no,no,no,yes,0.6666666666666666,no,furnished
0.4349258374814891,0.3370611647890003,0.39999999999999997,0.3333333333333333,0.6666666666666667,yes,no,no,yes,no,0.3333333333333333,yes,furnished
0.431388793117956,0.4088956432049536,0.6,0.3333333333333333,1.0,yes,no,no,no,yes,0.6666666666666666,no,furnished
0.43040405645541646,0.26157092844809515,0.39999999999999997,0.0,1.0,yes,yes,no,no,yes,0.6666666666666666,no,unfurnished
0.4274440148269396,0.26157092844809515,0.6,0.3333333333333333,1.0,yes,no,no,no,yes,0.3333333333333333,no,semi-furnished
0.4254657748148339,0.2902560764469538,0.39999999999999997,0.0,0.3333333333333333,yes,no,yes,no,yes,0.0,yes,furnished
0.4234836136108427,0.28043941275247797,0.39999999999999997,0.3333333333333333,1.0,yes,no,no,no,yes,0.0,yes,furnished
0.4155154439616658,0.28665061284511867,0.39999999999999997,0.3333333333333333,1.0,yes,no,no,no,yes,0.6666666666666666,no,unfurnished
0.4155154439616658,0.26157092844809515,0.6,0.3333333333333333,1.0,yes,no,no,no,no,0.6666666666666666,no,semi-furnished
0.40748327226440156,0.26157092844809515,0.6,0.3333333333333333,1.0,yes,no,no,no,yes,0.3333333333333333,no,furnished
0.40748327226440156,0.26157092844809515,0.39999999999999997,0.3333333333333333,0.6666666666666667,yes,no,no,no,yes,0.0,no,semi-furnished
0.4054651081081644,0.26157092844809515,0.39999999999999997,0.3333333333333333,1.0,yes,no,no,no,yes,0.3333333333333333,no,furnished
0.4034428627273966,0.2928234719521996,0.39999999999999997,0.0,1.0,yes,no,no,no,yes,1.0,yes,furnished
0.4014165195821642,0.1673183902019058,0.39999999999999997,0.3333333333333333,0.3333333333333333,yes,no,yes,no,no,0.3333333333333333,no,unfurnished
0.3993860620317821,0.3349983970029124,0.39999999999999997,0.3333333333333333,0.0,yes,yes,yes,no,yes,0.0,yes,semi-furnished
0.3993860620317821,0.3349983970029124,0.39999999999999997,0.3333333333333333,1.0,yes,no,no,no,no,0.3333333333333333,yes,unfurnished
0.3993860620317821,0.27862052177420615,0.39999999999999997,0.0,1.0,yes,no,no,no,yes,0.3333333333333333,no,unfurnished
0.3953127366441464,0.26157092844809515,0.6,0.3333333333333333,1.0,yes,yes,no,no,yes,0.3333333333333333,no,furnished
0.3953127366441464,0.21555469116138837,0.39999999999999997,0.3333333333333333,1.0,yes,no,no,no,yes,0.6666666666666666,no,semi-furnished
0.3953127366441464,0.26157092844809515,0.39999999999999997,0.3333333333333333,0.3333333333333333,yes,yes,no,no,yes,0.3333333333333333,no,semi-furnished
0.3953127366441464,0.26157092844809515,0.39999999999999997,0.0,0.3333333333333333,yes,no,no,no,yes,0.3333333333333333,no,unfurnished
0.39490449005754147,0.5145300939418797,0.6,0.0,0.3333333333333333,yes,no,yes,no,no,0.3333333333333333,yes,semi-furnished
0.3891714686220638,0.4088956432049536,0.6,0.3333333333333333,1.0,yes,yes,no,no,yes,0.3333333333333333,yes,furnished
0.38711596943996784,0.346728736788402,0.6,0.3333333333333333,1.0,yes,yes,no,no,yes,0.3333333333333333,no,semi-furnished
0.38711596943996784,0.26157092844809515,0.39999999999999997,0.3333333333333333,1.0,yes,yes,no,no,yes,0.3333333333333333,no,furnished
0.38299225225610584,0.26157092844809515,0.39999999999999997,0.3333333333333333,0.3333333333333333,yes,yes,no,no,no,0.3333333333333333,no,semi-furnished
0.3788514595900743,0.40340112388731286,0.19999999999999996,0.0,0.0,yes,no,no,no,yes,0.3333333333333333,no,semi-furnished
0.3788514595900743,0.27418939240730666,0.6,0.3333333333333333,0.3333333333333333,yes,no,no,no,yes,0.3333333333333333,no,furnished
0.37677461564523523,0.28043941275247797,0.6,0.3333333333333333,0.6666666666666667,yes,no,no,no,yes,0.6666666666666666,yes,furnished
0.3746934494414107,0.5035829640666877,0.39999999999999997,0.0,0.0,yes,no,yes,no,yes,0.3333333333333333,yes,furnished
0.37051807803093006,0.40340112388731286,0.39999999999999997,0.3333333333333333,0.3333333333333333,yes,no,yes,no,yes,0.3333333333333333,no,furnished
0.37051807803093006,0.5843443207111462,0.19999999999999996,0.0,0.0,yes,no,yes,yes,no,0.3333333333333333,no,furnished
0.3684238364278153,0.3477000821780339,0.39999999999999997,0.3333333333333333,0.0,yes,no,no,no,no,0.6666666666666666,no,unfurnished
0.36632519977089406,0.26157092844809515,0.39999999999999997,0.0,0.0,yes,no,no,no,yes,0.3333333333333333,no,furnished
0.3621146672345506,0.5408847512293594,0.6,0.3333333333333333,0.3333333333333333,yes,no,no,no,no,0.6666666666666666,yes,furnished
0.3621146672345506,0.14972262831152625,0.39999999999999997,0.3333333333333333,0.3333333333333333,yes,no,yes,no,yes,0.0,yes,semi-furnished
0.36000273403140703,0.26157092844809515,0.6,0.3333333333333333,1.0,yes,no,no,no,yes,0.0,no,unfurnished
0.35788633112502943,0.2083264139292829,0.39999999999999997,0.0,1.0,yes,no,no,no,yes,0.0,yes,unfurnished
0.3557654395558918,0.2928234719521996,0.19999999999999996,0.3333333333333333,1.0,yes,no,yes,no,no,0.0,yes,furnished
0.35364004024357837,0.15208669560640678,0.39999999999999997,0.0,0.3333333333333333,yes,no,yes,yes,no,0.3333333333333333,no,furnished
0.35364004024357837,0.16499010044231466,0.6,0.3333333333333333,0.3333333333333333,yes,no,no,yes,no,0.0,no,semi-furnished
0.35364004024357837,0.28354983516687043,0.39999999999999997,0.3333333333333333,0.6666666666666667,yes,no,no,no,yes,0.0,yes,furnished
0.35364004024357837,0.2876820724517809,0.39999999999999997,0.3333333333333333,0.6666666666666667,yes,no,no,no,yes,0.0,yes,furnished
0.35364004024357837,0.24557058710165403,0.39999999999999997,0.0,0.0,yes,yes,yes,no,yes,0.6666666666666666,yes,furnished
0.35364004024357837,0.26157092844809515,0.39999999999999997,0.3333333333333333,0.6666666666666667,yes,yes,no,no,yes,0.0,no,furnished
0.3523626289563972,0.26157092844809515,0.39999999999999997,0.0,0.3333333333333333,yes,no,no,yes,no,0.3333333333333333,yes,semi-furnished
0.3515101139857535,0.14972262831152625,0.39999999999999997,0.3333333333333333,0.3333333333333333,yes,no,yes,no,yes,0.3333333333333333,no,semi-furnished
0.3515101139857535,0.4751450287461543,0.39999999999999997,0.3333333333333333,0.0,yes,no,yes,no,yes,0.3333333333333333,yes,furnished
0.34937564145712086,0.26157092844809515,0.39999999999999997,0.3333333333333333,1.0,yes,no,no,no,yes,0.0,no,semi-furnished
0.3450929796651199,0.13541964312119512,0.39999999999999997,0.0,0.3333333333333333,yes,no,no,yes,no,0.6666666666666666,no,semi-furnished
0.3450929796651199,0.37404891187478545,0.39999999999999997,0.3333333333333333,0.6666666666666667,yes,no,no,no,yes,0.0,no,furnished
0.3450929796651199,0.29640678779048335,0.39999999999999997,0.0,0.6666666666666667,yes,no,yes,no,no,0.0,yes,unfurnished
0.34294475112683037,0.14735295895620787,0.39999999999999997,0.0,0.0,yes,no,yes,no,no,0.6666666666666666,no,semi-furnished
0.34294475112683037,0.3335223819747918,0.39999999999999997,0.0,0.0,yes,yes,yes,no,yes,0.6666666666666666,yes,unfurnished
0.3407918977657293,0.3895312760231624,0.7999999999999998,0.6666666666666667,0.3333333333333333,yes,no,no,no,no,0.6666666666666666,no,furnished
0.3407918977657293,0.20720971922920778,0.39999999999999997,0.0,0.3333333333333333,yes,no,no,no,yes,0.0,no,semi-furnished
0.33949795753775,0.30048634469776875,0.19999999999999996,0.0,0.0,yes,yes,yes,no,no,0.6666666666666666,yes,furnished
0.3386343996257082,0.19597364596228195,0.39999999999999997,0.3333333333333333,1.0,yes,yes,no,no,yes,0.0,no,furnished
0.3321338350226148,0.3231288214475285,0.39999999999999997,0.3333333333333333,0.0,yes,no,yes,no,yes,1.0,no,semi-furnished
0.3321338350226148,0.26157092844809515,0.6,0.3333333333333333,1.0,yes,no,no,no,no,0.3333333333333333,no,semi-furnished
0.3321338350226148,0.15562235043871456,0.39999999999999997,0.3333333333333333,0.6666666666666667,yes,no,no,no,yes,0.6666666666666666,no,semi-furnished
0.3321338350226148,0.4088956432049536,0.39999999999999997,0.0,0.0,yes,no,yes,no,no,0.3333333333333333,yes,furnished
0.3321338350226148,0.28251410229333834,0.39999999999999997,0.0,0.0,yes,yes,yes,no,yes,0.3333333333333333,yes,semi-furnished
0.33169895786855524,0.2928234719521996,0.39999999999999997,0.3333333333333333,0.6666666666666667,yes,no,no,no,yes,0.0,yes,unfurnished
0.3299575556000192,0.26157092844809515,0.6,0.0,0.6666666666666667,yes,yes,yes,no,no,0.0,yes,unfurnished
0.327776529653659,0.2928234719521996,0.39999999999999997,0.3333333333333333,0.0,yes,no,yes,no,yes,0.0,yes,unfurnished
0.327776529653659,0.23475967099743844,0.39999999999999997,0.0,0.6666666666666667,yes,no,no,no,no,0.3333333333333333,yes,unfurnished
0.3255907364336788,0.23475967099743844,0.39999999999999997,0.3333333333333333,1.0,yes,yes,no,no,yes,0.3333333333333333,no,semi-furnished
0.3255907364336788,0.2799200671162917,0.39999999999999997,0.3333333333333333,0.6666666666666667,yes,yes,no,no,yes,0.0,no,furnished
0.3255907364336788,0.23475967099743844,0.39999999999999997,0.3333333333333333,0.0,yes,yes,yes,no,no,0.6666666666666666,yes,furnished
0.32340015505386016,0.17887921260298179,0.39999999999999997,0.0,1.0,yes,no,no,no,yes,0.0,no,unfurnished
0.32340015505386016,0.23203858088307772,0.6,0.3333333333333333,0.0,yes,no,yes,no,yes,0.0,yes,semi-furnished
0.3212047644904245,0.28354983516687043,0.39999999999999997,0.0,0.6666666666666667,yes,no,yes,no,no,0.0,yes,unfurnished
0.32010525915700766,0.1037096692243012,0.6,0.0,0.6666666666666667,yes,no,no,no,no,0.3333333333333333,no,semi-furnished
0.31900454358082203,0.2935924070150768,0.6,0.3333333333333333,0.3333333333333333,yes,yes,no,yes,no,0.3333333333333333,no,semi-furnished
0.31900454358082203,0.2928234719521996,0.39999999999999997,0.0,0.0,yes,yes,yes,no,no,0.6666666666666666,yes,semi-furnished
0.31900454358082203,0.37980066032321713,0.39999999999999997,0.0,0.6666666666666667,yes,no,no,no,yes,0.6666666666666666,no,unfurnished
0.3185639178852154,0.1673183902019058,1.0,0.3333333333333333,0.3333333333333333,yes,no,no,no,no,0.0,no,furnished
0.3185639178852154,0.43681280965398817,0.39999999999999997,0.0,0.0,yes,no,yes,no,no,0.6666666666666666,yes,furnished
0.31458952537170526,0.3030276421264413,0.19999999999999996,0.0,0.0,yes,yes,yes,no,no,0.6666666666666666,no,furnished
0.31458952537170526,0.36215816535326373,0.39999999999999997,0.0,0.0,yes,yes,yes,no,yes,0.6666666666666666,yes,semi-furnished
0.31458952537170526,0.30809094408298804,0.39999999999999997,0.3333333333333333,0.0,yes,yes,yes,no,no,0.0,yes,unfurnished
0.31015492830383956,0.13181170174499604,0.6,0.0,0.3333333333333333,yes,yes,no,no,yes,0.0,no,furnished
0.31015492830383956,0.28354983516687043,0.39999999999999997,0.0,0.0,yes,no,yes,no,yes,0.0,yes,furnished
0.31015492830383956,0.31413325853895063,0.39999999999999997,0.0,0.0,yes,no,yes,no,yes,0.6666666666666666,yes,semi-furnished
0.31015492830383956,0.2897418054147915,0.39999999999999997,0.0,0.0,yes,yes,yes,no,no,0.6666666666666666,yes,furnished
0.31015492830383956,0.3246699218991898,0.39999999999999997,0.0,0.3333333333333333,yes,yes,yes,no,yes,0.0,yes,semi-furnished
0.31015492830383956,0.274920577481926,0.6,0.3333333333333333,0.0,yes,no,yes,no,no,0.3333333333333333,yes,semi-furnished
0.31015492830383956,0.32908121997482387,0.6,0.3333333333333333,0.3333333333333333,yes,no,no,no,no,0.0,no,furnished
0.31015492830383956,0.2889699026362096,0.39999999999999997,0.3333333333333333,1.0,yes,no,no,no,no,0.3333333333333333,no,furnished
0.3097103850646894,0.6723130936571032,0.39999999999999997,0.0,0.0,yes,no,no,no,yes,0.6666666666666666,no,semi-furnished
0.3057005779544592,0.32113678891628794,0.39999999999999997,0.0,0.0,yes,no,yes,no,no,0.6666666666666666,yes,unfurnished
0.3057005779544592,0.2876820724517809,0.39999999999999997,0.3333333333333333,0.6666666666666667,yes,no,no,no,yes,0.0,no,unfurnished
0.3052540497041285,0.23475967099743844,0.39999999999999997,0.0,0.6666666666666667,yes,yes,no,no,yes,0.3333333333333333,no,furnished
0.3052540497041285,0.5153514492241947,0.39999999999999997,0.0,0.6666666666666667,yes,no,no,no,no,0.6666666666666666,yes,semi-furnished
0.30480732197724425,0.19597364596228195,0.39999999999999997,0.0,0.0,yes,yes,yes,no,no,0.0,no,unfurnished
0.30122629755953817,0.2524287365711081,0.6,0.0,1.0,yes,yes,no,no,no,0.0,no,semi-furnished
0.30122629755953817,0.2183209446542785,0.39999999999999997,0.0,0.6666666666666667,yes,no,no,no,yes,0.0,no,semi-furnished
0.30122629755953817,0.19597364596228195,0.39999999999999997,0.0,0.6666666666666667,yes,no,no,no,yes,0.0,no,unfurnished
0.3007777664912426,0.31312873811294517,0.39999999999999997,0.0,0.0,yes,no,yes,no,no,0.6666666666666666,yes,semi-furnished
0.29898162770571435,0.26157092844809515,0.39999999999999997,0.3333333333333333,1.0,yes,no,no,no,yes,0.0,no,unfurnished
0.29673190797169885,0.2293100662298737,0.6,0.3333333333333333,0.3333333333333333,yes,no,no,no,yes,0.6666666666666666,no,unfurnished
0.29673190797169885,0.18689299332653547,0.6,0.0,0.3333333333333333,yes,no,no,no,no,0.3333333333333333,no,semi-furnished
0.29673190797169885,0.20720971922920778,0.39999999999999997,0.0,0.6666666666666667,yes,no,no,no,yes,0.0,no,semi-furnished
0.29673190797169885,0.28043941275247797,0.39999999999999997,0.0,0.0,yes,yes,yes,no,yes,0.6666666666666666,yes,furnished
0.29673190797169885,0.2509325302430394,0.39999999999999997,0.3333333333333333,1.0,yes,no,no,no,yes,0.0,no,unfurnished
0.2910853655834888,0.2958956709891698,0.6,0.3333333333333333,0.3333333333333333,yes,yes,yes,no,no,0.3333333333333333,yes,semi-furnished
0.28768207245178085,0.4751450287461543,0.6,0.3333333333333333,0.3333333333333333,yes,no,no,no,no,0.3333333333333333,no,semi-furnished
0.28768207245178085,0.19597364596228195,0.7999999999999998,0.3333333333333333,0.6666666666666667,no,no,yes,yes,no,0.0,no,unfurnished
0.28768207245178085,0.19030790842660456,0.6,0.0,0.3333333333333333,yes,yes,yes,no,yes,0.3333333333333333,no,furnished
0.28768207245178085,0.20720971922920778,0.39999999999999997,0.0,1.0,yes,no,no,no,no,0.0,no,furnished
0.28768207245178085,0.4751450287461543,0.19999999999999996,0.0,0.0,yes,no,no,no,no,0.3333333333333333,no,semi-furnished
0.28768207245178085,0.23475967099743844,0.39999999999999997,0.3333333333333333,0.3333333333333333,yes,no,no,no,no,0.3333333333333333,no,semi-furnished
0.28768207245178085,0.28043941275247797,0.39999999999999997,0.0,0.6666666666666667,yes,no,no,no,no,0.0,yes,semi-furnished
0.28768207245178085,0.2928234719521996,0.6,0.3333333333333333,0.0,yes,no,yes,no,no,0.0,yes,semi-furnished
0.28768207245178085,0.2147787669413362,0.39999999999999997,0.0,0.3333333333333333,yes,yes,yes,no,yes,0.0,yes,unfurnished
0.28540675861464543,0.17311550788623173,0.6,0.0,0.3333333333333333,yes,no,no,no,yes,0.6666666666666666,yes,semi-furnished
0.28540675861464543,0.2293100662298737,0.7999999999999998,0.0,0.3333333333333333,yes,yes,yes,no,yes,0.0,yes,furnished
0.2831262559159202,0.10742024862083685,0.39999999999999997,0.6666666666666667,0.3333333333333333,yes,no,yes,no,no,0.0,no,semi-furnished
0.2831262559159202,0.1287951082055704,0.39999999999999997,0.3333333333333333,0.3333333333333333,yes,no,no,no,no,0.6666666666666666,no,semi-furnished
0.2831262559159202,0.2668479855489389,0.39999999999999997,0.3333333333333333,0.0,yes,no,yes,no,no,0.6666666666666666,yes,furnished
0.28266953062823663,0.30809094408298804,0.39999999999999997,0.0,0.0,yes,yes,yes,no,no,0.0,yes,semi-furnished
0.2808405406350642,0.07715193547669083,0.6,0.3333333333333333,0.3333333333333333,no,yes,yes,no,no,0.3333333333333333,no,furnished
0.2808405406350642,0.3612007693969364,0.39999999999999997,0.0,0.0,yes,no,no,no,no,0.6666666666666666,no,semi-furnished
0.27854958888850834,0.09811785595852335,0.39999999999999997,0.3333333333333333,0.0,yes,yes,yes,no,yes,0.0,no,furnished
0.27854958888850834,0.27262076463468016,0.6,0.0,1.0,yes,yes,no,no,yes,0.0,no,furnished
0.27854958888850834,0.2668479855489389,0.39999999999999997,0.0,0.6666666666666667,yes,yes,no,no,yes,0.0,yes,semi-furnished
0.27854958888850834,0.2928234719521996,0.6,0.3333333333333333,0.3333333333333333,yes,yes,yes,no,no,0.0,yes,semi-furnished
0.27625337662815813,0.3042958731144364,0.39999999999999997,0.0,0.0,yes,yes,yes,no,yes,0.0,yes,semi-furnished
0.2739518796398789,0.29844864659075343,0.39999999999999997,0.3333333333333333,0.3333333333333333,yes,yes,yes,no,no,0.3333333333333333,yes,furnished
0.27349094393224815,0.2851014258582893,0.39999999999999997,0.3333333333333333,0.0,yes,yes,yes,yes,no,0.0,no,unfurnished
0.26933293378358436,0.35254270665382187,0.39999999999999997,0.0,0.0,yes,no,yes,no,yes,0.6666666666666666,yes,unfurnished
0.26701543564322183,0.18460988731196687,0.19999999999999996,0.3333333333333333,0.0,yes,no,no,no,yes,0.6666666666666666,no,semi-furnished
0.26469255422708216,0.16499010044231466,0.6,0.0,0.3333333333333333,yes,no,yes,no,yes,0.0,no,furnished
0.26469255422708216,0.2897418054147915,0.6,0.3333333333333333,0.3333333333333333,no,no,no,no,yes,0.0,no,semi-furnished
0.26469255422708216,0.23475967099743844,0.39999999999999997,0.3333333333333333,0.0,yes,no,yes,no,no,0.0,no,semi-furnished
0.26469255422708216,0.465224184637735,0.39999999999999997,0.0,0.0,yes,no,no,no,no,0.3333333333333333,yes,semi-furnished
0.26469255422708216,0.3811160790978779,0.39999999999999997,0.0,0.3333333333333333,yes,yes,yes,no,yes,0.6666666666666666,yes,unfurnished
0.26469255422708216,0.22383060046524814,0.6,0.3333333333333333,0.0,yes,no,no,no,yes,0.0,yes,unfurnished
0.26469255422708216,0.13781772580520787,0.39999999999999997,0.0,0.3333333333333333,yes,yes,yes,no,no,0.3333333333333333,yes,unfurnished
0.26469255422708216,0.44477393086985545,0.6,0.3333333333333333,0.3333333333333333,yes,yes,no,no,no,0.6666666666666666,no,semi-furnished
0.26469255422708216,0.38673407140210114,0.39999999999999997,0.0,0.0,yes,no,no,no,yes,0.6666666666666666,no,furnished
0.26422732974788415,0.2642129379109338,0.39999999999999997,0.0,0.0,yes,no,yes,no,no,0.0,yes,semi-furnished
0.26329623098415467,0.3173909985457853,0.39999999999999997,0.0,0.0,yes,yes,yes,no,no,0.6666666666666666,yes,semi-furnished
0.262364264467491,0.09998527013331879,0.39999999999999997,0.3333333333333333,0.3333333333333333,yes,no,no,no,no,0.6666666666666666,no,semi-furnished
0.262364264467491,0.17887921260298179,0.6,0.3333333333333333,0.0,no,no,yes,no,yes,0.6666666666666666,no,semi-furnished
0.262364264467491,0.3231288214475285,0.39999999999999997,0.0,0.3333333333333333,yes,yes,yes,no,no,0.3333333333333333,yes,furnished
0.2576913587680986,0.11418742301542097,0.39999999999999997,0.0,0.3333333333333333,no,no,no,no,yes,0.0,no,semi-furnished
0.2576913587680986,0.3612007693969364,0.39999999999999997,0.0,0.0,yes,no,no,no,no,0.3333333333333333,yes,semi-furnished
0.25534669180884445,0.08872811560868434,0.39999999999999997,0.3333333333333333,0.3333333333333333,yes,yes,yes,no,no,0.0,no,furnished
0.25534669180884445,0.08872811560868434,0.39999999999999997,0.0,0.3333333333333333,yes,no,yes,no,no,0.0,no,unfurnished
0.25534669180884445,0.5132967947105305,0.19999999999999996,0.0,0.3333333333333333,yes,no,no,no,no,0.0,yes,furnished
0.25534669180884445,0.2668479855489389,0.39999999999999997,0.0,0.0,yes,no,yes,no,yes,0.0,yes,semi-furnished
0.2529965144638909,0.2466452782314195,0.19999999999999996,0.0,0.3333333333333333,yes,no,no,no,yes,0.0,yes,unfurnished
0.2506408007714318,0.12212639601053232,0.19999999999999996,0.0,0.0,no,yes,yes,no,no,0.0,no,semi-furnished
0.2506408007714318,0.3428338925268609,0.6,0.0,0.3333333333333333,yes,no,no,no,yes,0.6666666666666666,no,furnished
0.2506408007714318,0.48365571841406285,0.39999999999999997,0.0,0.3333333333333333,yes,yes,yes,no,no,0.0,no,semi-furnished
0.2506408007714318,0.2928234719521996,0.39999999999999997,0.0,0.0,yes,yes,yes,no,no,0.0,yes,furnished
0.2501689913736727,0.19597364596228195,0.19999999999999996,0.0,0.0,yes,yes,yes,no,no,0.0,no,semi-furnished
0.248279524585752,0.3693095665108889,0.39999999999999997,0.3333333333333333,0.0,yes,yes,yes,no,no,0.0,no,semi-furnished
0.2459126595754859,0.17369337557061637,0.6,0.6666666666666667,0.3333333333333333,yes,no,yes,no,no,0.6666666666666666,no,semi-furnished
0.2459126595754859,0.34702023948686617,0.39999999999999997,0.0,0.0,yes,yes,yes,yes,no,0.0,no,semi-furnished
0.24496434276662665,0.07606971873676086,0.39999999999999997,0.3333333333333333,0.3333333333333333,no,no,yes,no,yes,0.3333333333333333,no,semi-furnished
0.2435401792218555,0.2588158138516746,0.39999999999999997,0.0,0.3333333333333333,yes,no,no,no,yes,0.0,no,semi-furnished
0.24163813395037412,0.16148746989111262,0.39999999999999997,0.0,0.3333333333333333,yes,no,no,no,no,0.3333333333333333,no,furnished
0.24116205681688804,0.1800279778068552,0.39999999999999997,0.0,0.3333333333333333,yes,no,yes,no,yes,0.0,no,semi-furnished
0.24116205681688804,0.1553281895305778,0.39999999999999997,0.0,0.3333333333333333,no,yes,yes,no,yes,0.0,no,semi-furnished
0.24116205681688804,0.15679812952772657,0.19999999999999996,0.0,0.0,yes,no,yes,no,no,0.3333333333333333,no,semi-furnished
0.24116205681688804,0.2293100662298737,0.6,0.0,0.3333333333333333,yes,no,no,no,no,0.0,no,semi-furnished
0.24116205681688804,0.1942772927141035,0.39999999999999997,0.0,0.0,yes,yes,yes,no,no,0.0,no,semi-furnished
0.24116205681688804,0.27731928541623435,0.39999999999999997,0.0,0.0,yes,no,no,no,yes,0.6666666666666666,no,semi-furnished
0.24116205681688804,0.2509325302430394,0.19999999999999996,0.0,0.0,yes,yes,yes,no,yes,0.0,no,semi-furnished
0.24116205681688804,0.08872811560868434,0.39999999999999997,0.0,0.3333333333333333,yes,no,yes,no,yes,0.0,no,semi-furnished
0.24116205681688804,0.0868395409208162,0.39999999999999997,0.0,0.6666666666666667,yes,no,no,no,no,0.0,no,semi-furnished
0.24116205681688804,0.29895846051971553,0.39999999999999997,0.0,0.0,yes,no,no,no,no,0.0,no,unfurnished
0.24116205681688804,0.18723501008869056,0.39999999999999997,0.0,0.3333333333333333,yes,yes,yes,no,no,0.6666666666666666,no,semi-furnished
0.24116205681688804,0.5727834983100701,0.39999999999999997,0.0,0.0,yes,no,no,no,no,0.6666666666666666,no,furnished
0.24068575292600666,0.11480035591845941,0.6,0.3333333333333333,0.3333333333333333,yes,no,yes,no,yes,0.6666666666666666,no,semi-furnished
0.24068575292600666,0.2069303506004876,0.6,0.3333333333333333,0.0,yes,no,yes,no,no,0.0,no,semi-furnished
0.23877826546161177,0.17022114985986725,0.19999999999999996,0.0,0.0,yes,no,yes,no,no,0.0,no,unfurnished
0.23638877806423034,0.15914554844603154,0.39999999999999997,0.0,0.6666666666666667,yes,no,no,no,no,0.0,no,unfurnished
0.23638877806423034,0.2636850941404306,0.39999999999999997,0.0,0.0,yes,no,no,no,no,0.6666666666666666,yes,semi-furnished
0.23638877806423034,0.3061699081552695,0.39999999999999997,0.0,0.3333333333333333,yes,no,no,no,yes,0.6666666666666666,yes,furnished
0.23638877806423034,0.1968207446999338,0.19999999999999996,0.0,0.0,yes,no,no,no,yes,0.0,yes,semi-furnished
0.23399356733827548,0.31312873811294517,0.39999999999999997,0.0,0.3333333333333333,yes,no,yes,no,no,0.0,no,unfurnished
0.23399356733827548,0.36693144410592143,0.6,0.0,1.0,yes,no,yes,no,yes,0.6666666666666666,no,semi-furnished
0.23207325949900814,0.11480035591845941,0.6,0.3333333333333333,0.3333333333333333,yes,no,no,no,no,0.0,no,semi-furnished
0.23159260580073737,0.4164469687206128,0.19999999999999996,0.0,0.0,yes,no,yes,no,yes,0.6666666666666666,no,semi-furnished
0.23159260580073737,0.2784124377074927,0.39999999999999997,0.0,0.3333333333333333,yes,no,yes,no,yes,0.3333333333333333,no,furnished
0.23159260580073737,0.46397172814802895,0.19999999999999996,0.0,0.0,yes,no,no,no,yes,0.6666666666666666,yes,unfurnished
0.23111172096338664,0.28458449640764677,0.19999999999999996,0.0,0.0,yes,no,no,no,yes,1.0,no,semi-furnished
0.22677331936478845,0.21666211098663557,0.39999999999999997,0.0,1.0,yes,no,no,no,yes,0.0,no,semi-furnished
0.22677331936478845,0.26157092844809515,0.19999999999999996,0.0,0.0,yes,no,yes,no,yes,0.3333333333333333,no,furnished
0.22677331936478845,0.12758591821543128,0.39999999999999997,0.0,0.3333333333333333,yes,no,no,no,no,0.6666666666666666,no,semi-furnished
0.22677331936478845,0.4388976685722717,0.6,0.3333333333333333,0.3333333333333333,yes,yes,yes,no,no,0.3333333333333333,no,semi-furnished
0.22677331936478845,0.2293100662298737,0.19999999999999996,0.0,0.3333333333333333,yes,no,no,no,no,0.0,yes,semi-furnished
0.22677331936478845,0.16848050538208323,0.39999999999999997,0.0,0.0,yes,no,no,no,no,0.0,yes,semi-furnished
0.2243549385005068,0.13451887740948673,0.39999999999999997,0.0,0.3333333333333333,yes,no,yes,no,no,0.0,no,furnished
0.22193069488900044,0.15914554844603154,0.39999999999999997,0.0,0.0,yes,yes,yes,no,yes,0.0,no,unfurnished
0.22193069488900044,0.14259670742155858,0.39999999999999997,0.3333333333333333,0.3333333333333333,yes,no,yes,no,no,0.6666666666666666,no,semi-furnished
0.22193069488900044,0.24449473976819092,0.39999999999999997,0.0,0.3333333333333333,yes,yes,no,no,yes,0.3333333333333333,no,semi-furnished
0.22193069488900044,0.0805184073574455,0.19999999999999996,0.0,0.3333333333333333,yes,yes,yes,no,no,0.0,yes,semi-furnished
0.22193069488900044,0.2077682224551189,0.39999999999999997,0.0,0.3333333333333333,yes,no,yes,no,no,0.0,no,semi-furnished
0.22144514013316313,0.17945376016259612,0.6,0.3333333333333333,0.3333333333333333,yes,no,yes,no,no,0.0,no,semi-furnished
0.21950056003570867,0.14972262831152625,0.39999999999999997,0.0,0.3333333333333333,yes,no,no,no,no,0.3333333333333333,no,furnished
0.21950056003570867,0.14021007144382772,0.39999999999999997,0.0,0.3333333333333333,yes,no,no,no,no,0.3333333333333333,yes,semi-furnished
0.21706450523782755,0.13541964312119512,0.39999999999999997,0.0,0.0,yes,no,no,no,no,0.6666666666666666,no,semi-furnished
0.21706450523782755,0.12819069597804375,0.39999999999999997,0.0,0.3333333333333333,yes,no,no,no,yes,0.0,no,furnished
0.21706450523782755,0.06001800972625295,0.39999999999999997,0.0,0.3333333333333333,yes,no,yes,no,no,0.0,no,furnished
0.21706450523782755,0.22492889821431072,0.39999999999999997,0.0,0.3333333333333333,yes,yes,yes,no,no,0.0,yes,semi-furnished
0.21706450523782755,0.22712188154932086,0.39999999999999997,0.0,0.3333333333333333,yes,no,no,no,no,0.6666666666666666,yes,unfurnished
0.21706450523782755,0.12090911040678064,0.39999999999999997,0.0,0.0,yes,no,no,no,no,0.0,yes,semi-furnished
0.21706450523782755,0.3811160790978779,0.6,0.0,1.0,yes,no,no,no,no,1.0,no,unfurnished
0.21657658134427343,0.15562235043871456,0.19999999999999996,0.3333333333333333,0.0,yes,yes,yes,no,no,0.0,no,semi-furnished
0.21657658134427343,0.20665090390312624,0.6,0.3333333333333333,0.3333333333333333,yes,yes,yes,no,no,0.0,yes,furnished
0.21462250158227578,0.120299911484498,0.39999999999999997,0.0,0.6666666666666667,yes,no,no,no,no,0.0,no,semi-furnished
0.21462250158227578,0.11663690372576088,0.39999999999999997,0.0,0.3333333333333333,yes,no,yes,no,no,0.3333333333333333,no,semi-furnished
0.21462250158227578,0.44741361564062865,0.39999999999999997,0.0,0.0,yes,no,no,no,no,0.0,no,semi-furnished
0.21462250158227578,0.12090911040678064,0.19999999999999996,0.0,0.3333333333333333,yes,no,no,no,no,0.0,yes,furnished
0.2121745199436358,0.17945376016259612,0.6,0.0,0.3333333333333333,yes,no,no,no,yes,0.6666666666666666,no,semi-furnished
0.2121745199436358,0.2554676854084307,0.19999999999999996,0.0,0.0,yes,no,no,no,yes,0.3333333333333333,no,unfurnished
0.2121745199436358,0.14972262831152625,0.39999999999999997,0.0,0.3333333333333333,yes,no,no,no,no,0.6666666666666666,no,furnished
0.2121745199436358,0.37404891187478545,0.39999999999999997,0.0,0.0,yes,no,no,no,no,0.0,no,furnished
0.2121745199436358,0.15208669560640678,0.39999999999999997,0.0,0.3333333333333333,yes,no,no,no,no,0.3333333333333333,no,semi-furnished
0.21168420367982888,0.28043941275247797,0.19999999999999996,0.0,0.0,yes,no,yes,no,yes,0.3333333333333333,no,furnished
0.21168420367982888,0.09886524014876893,0.39999999999999997,0.0,0.3333333333333333,yes,no,no,no,yes,0.3333333333333333,no,furnished
0.21168420367982888,0.120299911484498,0.39999999999999997,0.0,0.3333333333333333,yes,no,no,no,no,0.0,no,semi-furnished
0.20972053098206905,0.1348192228089513,0.19999999999999996,0.0,0.0,yes,yes,yes,no,no,0.0,no,semi-furnished
0.2072605051412067,0.1478273422668119,0.39999999999999997,0.0,0.3333333333333333,no,no,no,no,no,0.0,no,semi-furnished
0.2072605051412067,0.20160746368053795,0.19999999999999996,0.0,0.3333333333333333,yes,no,yes,no,no,0.0,no,semi-furnished
0.20676777293118842,0.08115232180022668,0.39999999999999997,0.0,0.3333333333333333,yes,no,no,no,no,0.0,yes,semi-furnished
0.20676777293118842,0.200483236468257,0.39999999999999997,0.0,0.0,yes,no,no,no,no,0.6666666666666666,yes,unfurnished
0.20676777293118842,0.20273042842516173,0.39999999999999997,0.0,0.3333333333333333,yes,no,no,no,no,0.3333333333333333,no,semi-furnished
0.2052881179140024,0.20441251460814655,0.6,0.0,0.3333333333333333,yes,no,no,no,yes,0.0,no,semi-furnished
0.2047944126460132,0.14378789279171172,0.39999999999999997,0.0,0.3333333333333333,yes,no,no,no,no,0.0,no,unfurnished
0.20232222350062412,0.17887921260298179,0.39999999999999997,0.3333333333333333,0.6666666666666667,yes,no,no,yes,no,0.3333333333333333,no,furnished
0.20232222350062412,0.017373967936053072,0.7999999999999998,0.0,0.3333333333333333,no,no,yes,no,no,0.0,no,semi-furnished
0.20232222350062412,0.1541506798272583,0.39999999999999997,0.0,0.0,yes,yes,yes,no,no,0.6666666666666666,no,semi-furnished
0.20232222350062412,0.11969034121265121,0.6,0.0,0.3333333333333333,yes,no,no,no,no,0.6666666666666666,no,furnished
0.20232222350062412,0.2851014258582893,0.6,0.0,0.3333333333333333,yes,no,no,no,no,0.0,no,semi-furnished
0.20083597105958545,0.15161432904117572,0.19999999999999996,0.0,0.0,yes,no,yes,no,no,0.0,no,furnished
0.19984390748615702,0.17311550788623173,0.19999999999999996,0.0,0.0,yes,no,no,no,no,0.3333333333333333,no,semi-furnished
0.19984390748615702,0.46914415347301675,0.19999999999999996,0.0,0.0,yes,no,no,no,no,0.3333333333333333,yes,semi-furnished
0.19785682287802575,0.11357411419521511,0.39999999999999997,0.0,0.3333333333333333,yes,no,yes,no,no,0.6666666666666666,yes,semi-furnished
0.19735943415849513,0.28043941275247797,0.19999999999999996,0.0,0.0,yes,no,no,no,no,0.0,no,furnished
0.19735943415849513,0.28043941275247797,0.19999999999999996,0.0,0.3333333333333333,yes,no,no,no,no,0.0,no,unfurnished
0.19735943415849513,0.17887921260298179,0.19999999999999996,0.0,0.0,yes,no,no,no,yes,0.6666666666666666,no,furnished
0.19735943415849513,0.03544674899574762,0.39999999999999997,0.0,0.3333333333333333,no,yes,yes,no,yes,0.0,no,unfurnished
0.19735943415849513,0.17080069203778037,0.6,0.0,0.3333333333333333,yes,no,no,no,no,0.0,no,furnished
0.19735943415849513,0.3510923800761754,0.19999999999999996,0.0,0.0,yes,no,no,no,no,0.3333333333333333,no,furnished
0.19486877284604326,0.2953842928138733,0.39999999999999997,0.0,0.3333333333333333,yes,yes,no,no,no,0.0,no,semi-furnished
0.19486877284604326,0.07524135025660174,0.39999999999999997,0.0,0.0,yes,no,yes,no,no,0.0,yes,furnished
0.19237189264745608,0.23475967099743844,0.39999999999999997,0.0,0.3333333333333333,yes,no,no,no,yes,0.0,no,unfurnished
0.19237189264745608,0.20944186301314854,0.39999999999999997,0.0,0.3333333333333333,yes,no,yes,no,yes,0.0,no,unfurnished
0.19237189264745608,0.2536027587989183,0.19999999999999996,0.0,0.0,yes,yes,yes,no,no,0.6666666666666666,no,semi-furnished
0.19237189264745608,0.06389398357094592,0.6,0.6666666666666667,0.3333333333333333,no,no,no,no,no,0.0,no,semi-furnished
0.19237189264745608,0.08576776324358923,0.39999999999999997,0.0,0.3333333333333333,yes,no,yes,no,yes,0.0,no,unfurnished
0.19237189264745608,0.07268821170241868,0.6,0.3333333333333333,0.3333333333333333,no,no,no,no,no,0.0,no,semi-furnished
0.19237189264745608,0.17369337557061637,0.19999999999999996,0.0,0.0,no,no,no,no,no,0.3333333333333333,no,unfurnished
0.19237189264745608,0.14972262831152625,0.6,0.3333333333333333,0.3333333333333333,no,no,no,no,no,0.0,no,semi-furnished
0.19237189264745608,0.0453478199784592,0.39999999999999997,0.0,0.3333333333333333,no,no,no,no,no,0.0,no,semi-furnished
0.19237189264745608,0.18460988731196687,0.39999999999999997,0.3333333333333333,0.3333333333333333,yes,no,no,no,yes,0.3333333333333333,no,semi-furnished
0.19237189264745608,0.12819069597804375,0.39999999999999997,0.3333333333333333,0.3333333333333333,yes,no,yes,no,no,0.0,no,unfurnished
0.19237189264745608,0.2509325302430394,0.39999999999999997,0.0,0.0,yes,no,no,yes,no,0.6666666666666666,no,semi-furnished
0.19237189264745608,0.31312873811294517,0.39999999999999997,0.0,0.0,yes,no,no,no,no,1.0,no,furnished
0.19237189264745608,0.15438629271637325,0.39999999999999997,0.0,0.6666666666666667,yes,no,no,no,no,0.0,no,semi-furnished
0.19237189264745608,0.12090911040678064,0.39999999999999997,0.0,0.3333333333333333,yes,no,no,no,no,0.0,yes,semi-furnished
0.19237189264745608,0.03345471646450701,0.39999999999999997,0.0,0.6666666666666667,yes,no,no,no,no,0.3333333333333333,yes,unfurnished
0.19237189264745608,0.17887921260298179,0.39999999999999997,0.0,0.0,yes,no,yes,no,no,0.0,no,furnished
0.19187176760577376,0.37404891187478545,0.39999999999999997,0.0,0.0,yes,no,yes,no,no,1.0,no,semi-furnished
0.19187176760577376,0.11663690372576088,0.39999999999999997,0.0,0.3333333333333333,yes,no,no,no,no,0.3333333333333333,no,semi-furnished
0.1898687624293375,0.19823098326393193,0.39999999999999997,0.0,0.3333333333333333,yes,no,no,no,no,0.3333333333333333,no,semi-furnished
0.1898687624293375,0.15444518726569975,0.39999999999999997,0.0,0.3333333333333333,yes,no,no,no,no,0.6666666666666666,no,semi-furnished
0.1898687624293375,0.15244082415877083,0.39999999999999997,0.0,0.3333333333333333,yes,no,yes,no,no,0.3333333333333333,no,semi-furnished
0.18735935082391175,0.1864367889390612,0.6,0.0,0.3333333333333333,yes,no,no,no,yes,0.0,no,semi-furnished
0.18735935082391175,0.2607769625469186,0.39999999999999997,0.0,0.0,yes,no,yes,no,no,0.0,no,semi-furnished
0.18685671195934586,0.2647405032093742,0.19999999999999996,0.0,0.0,yes,no,yes,no,no,0.3333333333333333,no,semi-furnished
0.18509548367667986,0.12576938728903342,0.39999999999999997,0.0,0.0,yes,no,yes,no,yes,0.0,yes,furnished
0.1848436262266645,0.1306061560896474,0.39999999999999997,0.3333333333333333,0.3333333333333333,yes,no,no,no,no,0.0,no,semi-furnished
0.1848436262266645,0.15208669560640678,0.19999999999999996,0.0,0.3333333333333333,yes,no,no,no,no,0.3333333333333333,no,semi-furnished
0.1848436262266645,0.24017973846677762,0.19999999999999996,0.0,0.0,yes,no,no,no,yes,0.0,no,semi-furnished
0.18232155679395462,0.256265876218402,0.6,0.3333333333333333,0.3333333333333333,no,no,yes,no,no,0.3333333333333333,no,unfurnished
0.18232155679395462,0.20676269195310013,0.39999999999999997,0.3333333333333333,0.3333333333333333,yes,no,no,no,no,0.6666666666666666,no,unfurnished
0.18232155679395462,0.1696412716180455,0.39999999999999997,0.0,0.0,yes,no,no,no,no,0.0,no,semi-furnished
0.18232155679395462,0.08872811560868434,0.6,0.0,0.6666666666666667,yes,no,yes,no,yes,0.6666666666666666,no,semi-furnished
0.18232155679395462,0.16848050538208323,0.39999999999999997,0.0,0.3333333333333333,yes,no,no,no,no,0.6666666666666666,yes,furnished
0.1797931104405959,0.12758591821543128,0.39999999999999997,0.3333333333333333,0.3333333333333333,yes,no,no,yes,no,0.6666666666666666,no,semi-furnished
0.1797931104405959,0.11724833755709947,0.39999999999999997,0.3333333333333333,0.0,yes,no,yes,no,yes,0.3333333333333333,no,furnished
0.1797931104405959,0.2293100662298737,0.39999999999999997,0.0,0.0,yes,no,no,no,no,1.0,no,semi-furnished
0.17852648582540298,0.17887921260298179,0.39999999999999997,0.0,0.3333333333333333,no,no,yes,no,yes,0.0,no,semi-furnished
0.17852648582540298,0.11724833755709947,0.6,0.0,0.3333333333333333,yes,no,no,no,yes,0.0,no,semi-furnished
0.1772582548374079,0.15562235043871456,0.6,0.0,0.0,no,no,yes,no,no,0.0,no,unfurnished
0.1772582548374079,0.28665061284511867,0.39999999999999997,0.0,0.3333333333333333,no,no,no,no,yes,0.3333333333333333,no,semi-furnished
0.1772582548374079,0.17887921260298179,0.39999999999999997,0.3333333333333333,0.3333333333333333,no,no,yes,no,yes,0.0,no,semi-furnished
0.1772582548374079,0.14735295895620787,0.39999999999999997,0.0,0.3333333333333333,yes,no,no,no,no,0.0,no,furnished
0.1772582548374079,0.15267684020895772,0.19999999999999996,0.0,0.3333333333333333,yes,yes,yes,no,no,0.0,yes,unfurnished
0.1721691853299366,0.32610944958566634,0.39999999999999997,0.3333333333333333,0.0,yes,yes,yes,no,no,1.0,no,furnished
0.1721691853299366,0.23475967099743844,0.6,0.0,0.3333333333333333,yes,yes,yes,no,no,0.0,no,semi-furnished
0.1721691853299366,0.08872811560868434,0.39999999999999997,0.0,0.3333333333333333,yes,no,no,no,no,0.0,no,semi-furnished
0.1721691853299366,0.10680277407204222,0.19999999999999996,0.0,0.0,yes,no,no,yes,no,0.3333333333333333,no,furnished
0.1721691853299366,0.13877535096816745,0.19999999999999996,0.0,0.0,yes,no,yes,no,yes,0.6666666666666666,no,furnished
0.1721691853299366,0.3659786093506495,0.39999999999999997,0.0,0.0,yes,no,no,no,yes,0.6666666666666666,no,semi-furnished
0.1721691853299366,0.03345471646450701,0.6,0.3333333333333333,0.0,yes,no,yes,no,no,0.0,yes,unfurnished
0.16961490552483985,0.13661940331309916,0.19999999999999996,0.0,0.3333333333333333,yes,yes,yes,no,no,0.0,no,semi-furnished
0.16961490552483985,0.09998527013331879,0.6,0.3333333333333333,0.3333333333333333,yes,no,no,no,no,0.0,no,furnished
0.16705408466316615,0.22383060046524814,0.7999999999999998,0.3333333333333333,0.3333333333333333,yes,no,no,no,no,0.0,no,semi-furnished
0.16705408466316615,0.09998527013331879,0.19999999999999996,0.3333333333333333,0.0,yes,no,yes,no,no,0.6666666666666666,no,semi-furnished
0.16705408466316615,0.32073790578375544,0.39999999999999997,0.0,0.3333333333333333,yes,no,no,no,yes,0.0,no,furnished
0.16705408466316615,0.15444518726569975,0.19999999999999996,0.0,0.0,yes,no,no,no,no,0.0,no,semi-furnished
0.16705408466316615,0.14080726465357393,0.19999999999999996,0.0,0.0,yes,no,no,no,no,0.0,no,semi-furnished
0.16705408466316615,0.02477642434921031,0.39999999999999997,0.0,0.3333333333333333,yes,no,yes,no,no,0.0,yes,semi-furnished
0.16705408466316615,0.0355130817873875,0.19999999999999996,0.0,0.3333333333333333,yes,yes,no,no,no,0.0,yes,semi-furnished
0.16602791730785407,0.11050191515824496,0.39999999999999997,0.0,0.3333333333333333,yes,no,no,no,no,0.0,no,unfurnished
0.16448668915792033,0.09811785595852335,0.19999999999999996,0.3333333333333333,0.0,no,no,yes,no,no,0.0,no,semi-furnished
0.1619126851627475,0.1971029515594334,0.39999999999999997,0.0,0.3333333333333333,yes,no,no,no,no,0.0,no,semi-furnished
0.1619126851627475,0.11480035591845941,0.19999999999999996,0.0,0.3333333333333333,yes,no,no,yes,no,0.3333333333333333,no,semi-furnished
0.1619126851627475,0.12576938728903342,0.19999999999999996,0.0,0.0,yes,no,no,no,no,0.0,no,semi-furnished
0.1619126851627475,0.2525355228384956,0.19999999999999996,0.0,0.0,yes,no,no,no,no,0.6666666666666666,no,unfurnished
0.1619126851627475,0.07963025149115792,0.39999999999999997,0.0,0.6666666666666667,yes,no,no,no,no,0.0,yes,furnished
0.1619126851627475,0.3811160790978779,0.19999999999999996,0.0,0.0,yes,no,no,no,no,0.3333333333333333,no,furnished
0.16139708834802552,0.37404891187478545,0.39999999999999997,0.0,0.0,yes,no,no,no,no,0.6666666666666666,no,furnished
0.16139708834802552,0.05807437451768192,0.7999999999999998,0.3333333333333333,0.0,no,no,yes,no,yes,0.3333333333333333,no,furnished
0.16139708834802552,0.30960494891420304,0.6,0.0,0.3333333333333333,no,no,no,no,no,0.3333333333333333,no,furnished
0.15933203856925587,0.11847008480742184,0.19999999999999996,0.0,0.0,yes,no,no,no,no,0.0,yes,semi-furnished
0.1567447150043049,0.12576938728903342,0.39999999999999997,0.0,0.0,yes,no,no,no,no,0.3333333333333333,no,unfurnished
0.1567447150043049,0.15208669560640678,0.19999999999999996,0.0,0.0,yes,no,no,no,no,0.0,no,semi-furnished
0.1567447150043049,0.2626285700062307,0.39999999999999997,0.0,0.0,yes,no,no,no,no,0.0,no,semi-furnished
0.1567447150043049,0.15267684020895772,0.19999999999999996,0.0,0.0,yes,no,no,no,no,0.0,no,furnished
0.1567447150043049,0.12479921985906939,0.19999999999999996,0.0,0.0,yes,no,no,yes,no,0.0,no,semi-furnished
0.15622644601110278,0.09624694802271165,0.39999999999999997,0.0,0.3333333333333333,no,no,yes,yes,no,0.0,no,semi-furnished
0.15622644601110278,0.23203858088307772,0.19999999999999996,0.0,0.0,yes,no,no,no,no,0.0,no,furnished
0.15415067982725827,0.12758591821543128,0.19999999999999996,0.0,0.0,yes,no,yes,no,no,0.0,no,furnished
0.15415067982725827,0.12758591821543128,0.19999999999999996,0.0,0.0,yes,no,no,no,yes,0.0,no,unfurnished
0.15415067982725827,0.24233956652020755,0.19999999999999996,0.0,0.0,no,no,no,no,no,0.0,no,semi-furnished
0.15415067982725827,0.12576938728903342,0.19999999999999996,0.0,0.0,yes,no,no,no,no,0.0,no,furnished
0.1515498981272009,0.16615492293860776,0.19999999999999996,0.0,0.0,yes,no,no,no,yes,0.6666666666666666,no,semi-furnished
0.1515498981272009,0.12394955057204744,0.39999999999999997,0.0,0.3333333333333333,yes,no,yes,no,no,0.0,no,semi-furnished
0.1515498981272009,0.09998527013331879,0.39999999999999997,0.0,0.3333333333333333,no,no,yes,no,no,0.0,no,semi-furnished
0.1515498981272009,0.08872811560868434,0.19999999999999996,0.0,0.3333333333333333,yes,no,no,no,yes,0.0,no,furnished
0.1515498981272009,0.12090911040678064,0.19999999999999996,0.3333333333333333,0.0,yes,no,yes,no,no,0.0,no,semi-furnished
0.1515498981272009,0.2594522835878099,0.39999999999999997,0.0,0.3333333333333333,yes,yes,yes,no,no,0.0,no,unfurnished
0.1515498981272009,0.1573855010570954,0.39999999999999997,0.3333333333333333,0.3333333333333333,yes,no,no,no,no,0.6666666666666666,no,semi-furnished
0.1515498981272009,0.07924937165414053,0.39999999999999997,0.3333333333333333,0.3333333333333333,no,no,yes,no,no,0.0,yes,unfurnished
0.1515498981272009,0.04205834332806045,0.39999999999999997,0.0,0.6666666666666667,yes,no,no,yes,yes,0.0,yes,semi-furnished
0.15102892911307358,0.12090911040678064,0.39999999999999997,0.0,0.0,yes,no,no,no,no,0.6666666666666666,yes,unfurnished
0.14894233472012008,0.17887921260298179,0.19999999999999996,0.0,0.0,yes,no,no,no,no,0.0,no,semi-furnished
0.14894233472012008,0.14972262831152625,0.19999999999999996,0.0,0.0,yes,no,no,no,no,0.0,yes,semi-furnished
0.14632795414604927,0.09811785595852335,0.39999999999999997,0.0,0.3333333333333333,yes,no,yes,no,no,0.0,no,furnished
0.14632795414604927,0.17887921260298179,0.6,0.3333333333333333,0.3333333333333333,yes,no,yes,no,no,0.6666666666666666,no,furnished
0.14632795414604927,0.17887921260298179,0.19999999999999996,0.0,0.0,no,no,no,no,no,0.0,no,furnished
0.14632795414604927,0.12819069597804375,0.19999999999999996,0.0,0.0,yes,no,no,no,no,0.0,no,unfurnished
0.14370672066617501,0.14080726465357393,0.39999999999999997,0.0,0.0,yes,no,no,no,no,0.6666666666666666,no,unfurnished
0.1410785982599055,0.16382391955213219,0.39999999999999997,0.0,0.3333333333333333,yes,no,no,no,yes,0.0,no,semi-furnished
0.1410785982599055,0.1287951082055704,0.39999999999999997,0.0,0.3333333333333333,yes,no,no,no,no,0.0,no,unfurnished
0.1410785982599055,0.18460988731196687,0.6,0.0,0.3333333333333333,yes,no,no,no,no,0.0,no,semi-furnished
0.1410785982599055,0.03278982282299086,0.39999999999999997,0.3333333333333333,0.3333333333333333,no,no,no,no,no,0.0,no,unfurnished
0.1410785982599055,0.0909897072247409,0.39999999999999997,0.0,0.3333333333333333,yes,no,yes,no,no,0.0,no,semi-furnished
0.1410785982599055,0.14913073720220715,0.39999999999999997,0.0,0.3333333333333333,yes,no,no,no,no,0.0,no,semi-furnished
0.1410785982599055,0.33421146011398395,0.39999999999999997,0.0,0.0,no,no,no,no,no,0.0,no,unfurnished
0.1410785982599055,0.11847008480742184,0.39999999999999997,0.0,0.0,no,no,no,no,yes,0.0,no,unfurnished
0.1410785982599055,0.12576938728903342,1.0,0.0,0.3333333333333333,yes,no,no,no,no,0.3333333333333333,no,unfurnished
0.1410785982599055,0.12819069597804375,0.19999999999999996,0.0,0.0,yes,no,no,no,no,0.3333333333333333,no,semi-furnished
0.1410785982599055,0.256265876218402,0.19999999999999996,0.0,0.0,yes,no,no,no,no,0.3333333333333333,no,furnished
0.1410785982599055,0.09624694802271165,0.39999999999999997,0.0,0.3333333333333333,yes,no,no,no,no,0.3333333333333333,no,unfurnished
0.1410785982599055,0.33056379993504664,0.19999999999999996,0.0,0.0,yes,no,no,no,no,0.3333333333333333,no,semi-furnished
0.1410785982599055,0.12042178096243814,0.19999999999999996,0.0,0.0,yes,no,no,no,no,0.3333333333333333,yes,unfurnished
0.1410785982599055,0.43146996524349257,0.39999999999999997,0.0,0.3333333333333333,yes,no,no,no,no,1.0,yes,unfurnished
0.1410785982599055,0.25520148016261535,0.19999999999999996,0.0,0.0,yes,no,no,no,no,0.0,no,unfurnished
0.1410785982599055,0.5744874720784175,0.39999999999999997,0.0,0.0,yes,no,no,no,no,0.0,no,unfurnished
0.14055214391765958,0.20160746368053795,0.39999999999999997,0.0,0.3333333333333333,no,no,no,no,no,0.0,no,unfurnished
0.13844355062190042,0.09249459840416119,0.39999999999999997,0.0,0.0,yes,no,no,no,no,0.0,no,unfurnished
0.13844355062190042,0.22492889821431072,0.19999999999999996,0.0,0.0,yes,no,no,no,no,0.3333333333333333,yes,unfurnished
0.13844355062190042,0.03345471646450701,0.39999999999999997,0.0,0.6666666666666667,yes,no,no,no,no,0.0,yes,furnished
0.13580154115906173,0.14972262831152625,0.19999999999999996,0.0,0.0,yes,no,no,no,no,0.0,no,unfurnished
0.13580154115906173,0.10029616707348814,0.19999999999999996,0.0,0.0,yes,no,no,no,no,0.6666666666666666,no,unfurnished
0.13580154115906173,0.14080726465357393,0.39999999999999997,0.0,0.0,yes,no,no,no,no,0.0,no,unfurnished
0.13580154115906173,0.03345471646450701,0.39999999999999997,0.0,0.6666666666666667,yes,no,no,no,no,0.0,yes,furnished
0.13580154115906173,0.06389398357094592,0.39999999999999997,0.0,0.3333333333333333,yes,no,yes,no,no,0.0,yes,unfurnished
0.13580154115906173,0.020408871631207116,0.39999999999999997,0.3333333333333333,0.3333333333333333,yes,no,yes,no,no,0.0,yes,unfurnished
0.13527230060688322,0.15208669560640678,0.19999999999999996,0.0,0.0,yes,no,no,no,no,0.0,no,unfurnished
0.13315253298748486,0.19512582903994244,0.39999999999999997,0.0,0.3333333333333333,yes,yes,yes,no,yes,0.3333333333333333,no,furnished
0.13315253298748486,0.11663690372576088,0.39999999999999997,0.0,0.0,yes,no,yes,no,no,0.6666666666666666,no,unfurnished
0.13315253298748486,0.12819069597804375,0.19999999999999996,0.0,0.0,yes,no,no,no,no,0.0,no,furnished
0.13049648892936858,0.11969034121265121,0.6,0.0,0.3333333333333333,yes,no,no,no,yes,0.6666666666666666,no,unfurnished
0.13049648892936858,0.20497258183085146,0.6,0.0,0.6666666666666667,no,no,no,no,no,0.0,no,semi-furnished
0.13049648892936858,0.15679812952772657,0.19999999999999996,0.0,0.3333333333333333,yes,no,no,no,no,0.0,no,unfurnished
0.13049648892936858,0.19314478976180424,0.19999999999999996,0.0,0.0,yes,no,no,no,no,0.0,no,unfurnished
0.13049648892936858,0.1330157958098006,0.19999999999999996,0.0,0.0,no,no,no,no,yes,0.0,no,unfurnished
0.13049648892936858,0.1348192228089513,0.39999999999999997,0.0,0.0,yes,no,no,no,no,0.0,no,unfurnished
0.13049648892936858,0.09499772862227973,0.39999999999999997,0.0,0.3333333333333333,no,no,yes,no,no,0.0,no,semi-furnished
0.13049648892936858,0.10029616707348814,0.19999999999999996,0.0,0.0,yes,no,yes,no,no,0.6666666666666666,no,furnished
0.12996443251883902,0.06967992063798983,0.39999999999999997,0.0,0.0,no,no,no,no,no,0.0,no,furnished
0.12836656267154364,0.03345471646450701,0.39999999999999997,0.0,0.3333333333333333,yes,no,yes,no,no,0.0,yes,furnished
0.12783337150988489,0.15208669560640678,0.19999999999999996,0.0,0.0,yes,no,no,no,no,0.3333333333333333,no,unfurnished
0.12783337150988489,0.19456021816513494,0.6,0.0,0.3333333333333333,yes,no,no,no,no,0.0,no,unfurnished
0.12516314295400602,0.05677651580208194,0.19999999999999996,0.0,0.0,no,no,no,no,yes,0.0,no,unfurnished
0.12516314295400602,0.09998527013331879,0.6,0.0,0.3333333333333333,yes,no,yes,no,yes,0.0,no,unfurnished
0.12516314295400602,0.2647405032093742,0.39999999999999997,0.0,0.0,yes,yes,yes,no,no,0.0,no,furnished
0.12516314295400602,0.11847008480742184,0.6,0.0,0.3333333333333333,no,no,no,no,no,0.3333333333333333,no,semi-furnished
0.12516314295400602,0.13733856911180464,0.6,0.0,0.3333333333333333,yes,no,no,no,no,0.0,no,semi-furnished
0.12516314295400602,0.15208669560640678,0.19999999999999996,0.0,0.0,yes,no,no,no,no,0.0,no,unfurnished
0.12516314295400602,0.03345471646450701,0.39999999999999997,0.0,0.3333333333333333,yes,no,yes,no,no,0.0,yes,furnished
0.12516314295400602,0.25520148016261535,0.39999999999999997,0.0,0.0,yes,no,no,no,no,0.3333333333333333,no,unfurnished
0.1224857651832896,0.17887921260298179,0.19999999999999996,0.0,0.0,no,no,no,no,no,0.0,no,semi-furnished
0.1224857651832896,0.1455720145852131,0.19999999999999996,0.0,0.0,no,no,no,no,no,0.0,no,unfurnished
0.12087589094238606,0.12819069597804375,0.6,0.0,0.3333333333333333,yes,no,yes,no,no,0.0,no,unfurnished
0.1198011998126206,0.1713798985410857,0.39999999999999997,0.0,0.3333333333333333,yes,no,no,no,no,0.0,no,unfurnished
0.1198011998126206,0.06865375328267777,0.19999999999999996,0.0,0.0,yes,no,no,no,yes,0.3333333333333333,no,unfurnished
0.1198011998126206,0.16848050538208323,0.39999999999999997,0.0,0.0,no,no,no,no,no,0.3333333333333333,no,unfurnished
0.1198011998126206,0.09624694802271165,0.39999999999999997,0.0,0.3333333333333333,no,no,no,no,no,0.0,no,furnished
0.11441035117774419,0.11663690372576088,0.0,0.0,0.0,yes,no,no,no,no,0.0,no,furnished
0.11441035117774419,0.14889388262980668,0.19999999999999996,0.3333333333333333,0.0,no,yes,yes,no,no,0.3333333333333333,no,unfurnished
0.11441035117774419,0.11969034121265121,0.19999999999999996,0.0,0.0,no,no,yes,no,no,0.0,no,semi-furnished
0.11441035117774419,0.1553281895305778,0.19999999999999996,0.0,0.0,yes,no,no,no,no,0.6666666666666666,no,semi-furnished
0.11441035117774419,0.0,0.39999999999999997,0.0,0.3333333333333333,no,no,yes,no,no,0.0,no,unfurnished
0.11441035117774419,0.11663690372576088,0.39999999999999997,0.0,0.3333333333333333,yes,no,yes,no,no,0.0,no,semi-furnished
0.11441035117774419,0.30048634469776875,0.19999999999999996,0.0,0.0,yes,no,no,no,no,0.0,no,semi-furnished
0.11441035117774419,0.4088956432049536,0.39999999999999997,0.0,0.3333333333333333,yes,no,no,no,no,0.6666666666666666,no,semi-furnished
0.11441035117774419,0.09305834924122852,0.19999999999999996,0.0,0.0,yes,no,no,no,no,0.3333333333333333,no,unfurnished
0.11386966449249852,0.17887921260298179,0.39999999999999997,0.0,0.3333333333333333,yes,no,no,no,yes,0.0,no,unfurnished
0.11278741330461363,0.2344878949392362,0.39999999999999997,0.0,0.0,yes,no,yes,no,no,0.0,no,unfurnished
0.11200204813716579,0.05013110728217277,0.39999999999999997,0.0,0.0,yes,no,no,no,no,0.0,yes,semi-furnished
0.11170398958000123,0.08872811560868434,0.39999999999999997,0.0,0.0,no,no,no,no,yes,0.0,no,unfurnished
0.11170398958000123,0.14080726465357393,0.39999999999999997,0.0,0.3333333333333333,yes,no,no,no,no,0.0,no,unfurnished
0.11170398958000123,0.11969034121265121,0.19999999999999996,0.0,0.0,yes,no,no,no,no,0.0,no,unfurnished
0.10953361433845156,0.36693144410592143,0.19999999999999996,0.0,0.0,yes,no,no,no,no,0.3333333333333333,no,unfurnished
0.10899028370840501,0.20497258183085146,0.19999999999999996,0.0,0.0,yes,no,yes,no,yes,0.0,no,unfurnished
0.10899028370840501,0.03445122875424601,0.39999999999999997,0.0,0.3333333333333333,no,no,yes,no,no,0.0,no,semi-furnished
0.10899028370840501,0.09437253322836135,0.19999999999999996,0.0,0.0,yes,yes,yes,no,no,0.0,no,unfurnished
0.10899028370840501,0.17887921260298179,0.19999999999999996,0.0,0.3333333333333333,yes,no,no,yes,no,0.3333333333333333,no,semi-furnished
0.10626919359404433,0.13781772580520787,0.19999999999999996,0.0,0.0,yes,no,no,no,no,0.0,no,unfurnished
0.10354067894084033,0.09437253322836135,0.39999999999999997,0.0,0.3333333333333333,no,no,no,no,no,0.0,no,semi-furnished
0.10354067894084033,0.1037096692243012,0.39999999999999997,0.0,0.3333333333333333,yes,no,no,no,no,0.6666666666666666,no,semi-furnished
0.10354067894084033,0.07829653689886866,0.19999999999999996,0.0,0.0,yes,no,no,no,no,0.0,no,semi-furnished
0.10354067894084033,0.18460988731196687,0.19999999999999996,0.0,0.0,yes,no,no,no,no,0.0,no,furnished
0.10354067894084033,0.2114465412655265,0.39999999999999997,0.0,0.0,no,no,no,no,no,0.0,no,unfurnished
0.10354067894084033,0.1348192228089513,0.39999999999999997,0.0,0.3333333333333333,yes,no,no,no,no,0.0,no,unfurnished
0.10354067894084033,0.12758591821543128,0.6,0.0,0.3333333333333333,yes,no,no,no,no,1.0,no,semi-furnished
0.1029940814962394,0.36454765275064516,0.19999999999999996,0.0,0.0,yes,no,no,no,no,0.0,no,unfurnished
0.10080469912196557,0.1703370851680952,0.6,0.0,0.3333333333333333,no,no,no,no,no,0.3333333333333333,no,unfurnished
0.09970820778403672,0.08872811560868434,0.19999999999999996,0.0,0.3333333333333333,yes,no,no,no,no,0.0,no,semi-furnished
0.0980612131762147,0.2536027587989183,0.39999999999999997,0.0,0.3333333333333333,yes,no,yes,no,no,0.3333333333333333,no,unfurnished
0.0980612131762147,0.20497258183085146,0.19999999999999996,0.0,0.0,yes,no,no,no,no,0.0,no,unfurnished
0.0980612131762147,0.12576938728903342,0.39999999999999997,0.0,0.3333333333333333,no,no,no,no,no,0.3333333333333333,no,unfurnished
0.0980612131762147,0.12939915533961213,0.6,0.0,0.3333333333333333,no,no,no,no,no,0.0,no,unfurnished
0.0980612131762147,0.11847008480742184,0.39999999999999997,0.0,0.3333333333333333,no,no,no,no,no,0.3333333333333333,no,semi-furnished
0.0980612131762147,0.06967992063798983,0.19999999999999996,0.0,0.0,no,no,no,no,no,0.0,no,furnished
0.0980612131762147,0.09811785595852335,0.39999999999999997,0.0,0.3333333333333333,no,no,no,no,no,0.0,no,unfurnished
0.0980612131762147,0.2935924070150768,0.39999999999999997,0.0,0.3333333333333333,yes,no,no,no,no,0.0,no,semi-furnished
0.09255155736524513,0.09124067974456745,0.19999999999999996,0.0,0.0,no,no,no,no,no,0.0,no,unfurnished
0.09255155736524513,0.12758591821543128,0.19999999999999996,0.0,0.0,yes,no,no,no,no,0.0,no,unfurnished
0.09255155736524513,0.26157092844809515,0.19999999999999996,0.0,0.0,yes,no,no,no,no,0.0,no,semi-furnished
0.09255155736524513,0.2293100662298737,0.6,0.0,0.3333333333333333,yes,no,no,no,no,0.0,no,unfurnished
0.09116938713829344,0.2183209446542785,0.6,0.0,0.6666666666666667,yes,no,no,no,no,0.0,no,unfurnished
0.08978530387235499,0.10742024862083685,0.39999999999999997,0.0,0.3333333333333333,no,no,no,no,no,0.3333333333333333,no,semi-furnished
0.08978530387235499,0.17022114985986725,0.39999999999999997,0.0,0.3333333333333333,no,no,no,yes,no,0.3333333333333333,no,unfurnished
0.08978530387235499,0.06582635132199988,0.19999999999999996,0.0,0.0,no,no,no,no,no,0.3333333333333333,no,furnished
0.08701137698962974,0.06646964500774163,0.39999999999999997,0.0,0.3333333333333333,yes,no,yes,no,no,0.3333333333333333,no,unfurnished
0.08701137698962974,0.14735295895620787,0.39999999999999997,0.0,0.0,yes,no,no,no,no,0.0,no,furnished
0.08144033194017439,0.3030276421264413,0.19999999999999996,0.0,0.0,yes,no,no,no,no,0.0,no,unfurnished
0.08144033194017439,0.14972262831152625,0.39999999999999997,0.0,0.3333333333333333,yes,no,no,no,no,0.3333333333333333,no,unfurnished
0.07864312731911313,0.14972262831152625,0.19999999999999996,0.0,0.0,yes,no,no,no,no,0.0,no,unfurnished
0.07583807639150451,0.14580965717188285,0.19999999999999996,0.0,0.0,yes,no,no,no,no,0.0,no,unfurnished
0.07583807639150451,0.02377021933391193,0.19999999999999996,0.0,0.3333333333333333,yes,no,no,no,no,0.0,no,semi-furnished
0.07583807639150451,0.12758591821543128,0.39999999999999997,0.6666666666666667,0.3333333333333333,no,yes,no,no,no,0.0,no,unfurnished
0.07583807639150451,0.07606971873676086,0.39999999999999997,0.0,0.0,yes,no,no,no,no,0.0,no,unfurnished
0.07583807639150451,0.05222069926622124,0.39999999999999997,0.0,0.0,no,no,no,no,no,0.0,no,unfurnished
0.07583807639150451,0.11847008480742184,0.19999999999999996,0.0,0.0,yes,no,no,no,no,0.3333333333333333,no,semi-furnished
0.07583807639150451,0.14972262831152625,0.39999999999999997,0.0,0.0,yes,no,no,no,no,0.0,no,semi-furnished
0.07527612077120883,0.10029616707348814,0.19999999999999996,0.0,0.0,yes,no,no,no,yes,0.0,no,unfurnished
0.07527612077120883,0.14972262831152625,0.39999999999999997,0.0,0.3333333333333333,yes,no,no,no,yes,0.0,no,unfurnished
0.07133356427039994,0.08305165760387913,0.19999999999999996,0.0,0.0,no,no,no,no,no,0.0,no,unfurnished
0.07020425867324853,0.12576938728903342,0.19999999999999996,0.0,0.0,yes,no,no,no,no,0.0,no,unfurnished
0.07020425867324853,0.17311550788623173,0.19999999999999996,0.0,0.0,yes,no,no,no,no,0.0,no,unfurnished
0.07020425867324853,0.12576938728903342,0.19999999999999996,0.3333333333333333,0.3333333333333333,yes,no,yes,no,no,0.3333333333333333,no,furnished
0.06453852113757116,0.08115232180022668,0.39999999999999997,0.0,0.0,no,no,no,no,no,0.0,no,unfurnished
0.06453852113757116,0.09998527013331879,0.39999999999999997,0.0,0.0,no,no,no,no,no,0.0,no,unfurnished
0.06453852113757116,0.08872811560868434,0.19999999999999996,0.0,0.3333333333333333,yes,no,no,no,no,0.0,no,furnished
0.061693569005339885,0.17311550788623173,0.39999999999999997,0.0,0.3333333333333333,yes,no,no,no,no,0.0,no,unfurnished
0.061693569005339885,0.08872811560868434,0.39999999999999997,0.0,0.3333333333333333,no,no,no,no,no,0.0,no,semi-furnished
0.05884050002293342,0.1018492035713815,0.39999999999999997,0.0,0.3333333333333333,yes,no,yes,no,no,0.0,no,unfurnished
0.05884050002293342,0.1037096692243012,0.19999999999999996,0.0,0.0,no,yes,no,no,no,0.3333333333333333,no,unfurnished
0.05884050002293342,0.08872811560868434,0.19999999999999996,0.0,0.0,yes,no,no,no,no,0.3333333333333333,no,unfurnished
0.05884050002293342,0.11969034121265121,0.19999999999999996,0.0,0.0,yes,yes,no,no,no,0.0,no,unfurnished
0.05884050002293342,0.19823098326393193,0.19999999999999996,0.0,0.3333333333333333,yes,no,no,no,no,0.0,no,unfurnished
0.05884050002293342,0.3477000821780339,0.19999999999999996,0.0,0.0,yes,no,no,no,no,0.0,no,unfurnished
0.05540603757429863,0.12788835281625457,0.19999999999999996,0.0,0.0,no,no,no,no,no,0.0,no,unfurnished
0.05310982531394841,0.05515182007508004,0.39999999999999997,0.0,0.3333333333333333,yes,no,no,no,no,0.0,no,furnished
0.05310982531394841,0.07524135025660174,0.6,0.3333333333333333,0.3333333333333333,yes,no,no,no,no,0.0,no,furnished
0.05310982531394841,0.10519555359872572,0.19999999999999996,0.0,0.0,yes,no,no,no,no,0.0,no,unfurnished
0.050232125486333275,0.12819069597804375,0.19999999999999996,0.0,0.0,yes,no,no,no,no,0.0,no,unfurnished
0.04734612059719832,0.09998527013331879,0.19999999999999996,0.0,0.0,yes,no,no,no,no,0.0,no,unfurnished
0.044451762570833823,0.012702485895449526,0.19999999999999996,0.0,0.0,no,no,yes,no,no,0.0,no,semi-furnished
0.044451762570833823,0.14794590294037538,0.0,0.0,0.0,no,no,no,no,no,0.0,no,unfurnished
0.044451762570833823,0.14794590294037538,0.39999999999999997,0.0,0.3333333333333333,yes,no,yes,no,no,0.0,no,unfurnished
0.041549002912872425,0.020408871631207116,0.39999999999999997,0.0,0.0,no,no,no,yes,no,0.0,no,unfurnished
0.04096743848822296,0.22383060046524814,0.39999999999999997,0.0,0.0,no,no,no,no,yes,0.0,yes,unfurnished
0.03278982282299086,0.08872811560868434,0.19999999999999996,0.0,0.0,no,no,no,no,no,0.0,no,unfurnished
0.029852963149681156,0.05026183478088827,0.39999999999999997,0.0,0.3333333333333333,yes,no,no,no,no,0.0,no,unfurnished
0.029852963149681156,0.08872811560868434,0.6,0.0,0.3333333333333333,yes,no,no,no,no,0.0,no,unfurnished
0.029852963149681156,0.11111711050216301,0.19999999999999996,0.0,0.0,yes,no,no,no,no,0.3333333333333333,no,unfurnished
0.018018505502678295,0.11480035591845941,0.7999999999999998,0.0,0.3333333333333333,no,no,no,no,no,0.0,no,unfurnished
0.012048338516174492,0.003430535096789236,0.39999999999999997,0.0,0.3333333333333333,yes,no,no,no,no,0.0,no,unfurnished
0.012048338516174492,0.1287346834193047,0.19999999999999996,0.0,0.0,yes,no,no,no,no,0.0,no,unfurnished
0.009049835519917884,0.0880989869311231,0.19999999999999996,0.0,0.0,no,no,no,no,no,0.3333333333333333,no,unfurnished
0.006042314455962606,0.08872811560868434,0.19999999999999996,0.0,0.0,yes,no,yes,no,no,0.6666666666666666,no,unfurnished
0.001483747187375467,0.05026183478088827,0.39999999999999997,0.0,0.0,no,no,no,no,no,0.0,no,semi-furnished
0.0,0.1269807744753305,0.19999999999999996,0.0,0.0,yes,no,no,no,no,0.0,no,unfurnished
0.0,0.08305165760387913,0.39999999999999997,0.0,0.0,no,no,no,no,no,0.0,no,furnished
0.0,0.14080726465357393,0.39999999999999997,0.0,0.3333333333333333,yes,no,no,no,no,0.0,no,unfurnished
